ID,Job Title,Email Address,FirstName LastName,r
1,IT Support Staff,Henry_Samuel4497@guentu.biz,Henry Samuel,Music
2,Clerk,Tom_Lee1940@corti.com,Tom Lee,Mathematics
3,Production Painter,Helen_Ring3649@bulaffy.com,Helen Ring,Music
4,Physician,Rosie_Sanchez7432@brety.org,Rosie Sanchez,Music
5,Paramedic,Tyler_Shaw3910@kideod.biz,Tyler Shaw,Ecology
6,Lecturer,Angela_Mcneill2055@tonsy.org,Angela Mcneill,Accounting
7,Food Technologist,Peter_Farrant8962@muall.tech,Peter Farrant,Physical Education
8,Staffing Consultant,Carolyn_Allington7480@ovock.tech,Carolyn Allington,Accounting
9,Staffing Consultant,Christine_Haines1578@extex.org,Christine Haines,Speech
10,HR Coordinator,Angelique_Casey423@zorer.org,Angelique Casey,Resource Program
11,Banker,Brad_Redwood7351@mafthy.com,Brad Redwood,Instrumental Music
12,Business Broker,Hank_Broomfield740@qater.org,Hank Broomfield,Latin
13,Steward,Clint_Griffiths4942@typill.biz,Clint Griffiths,Science
14,Production Painter,Juliet_Hardwick1862@famism.biz,Juliet Hardwick,Resource Program
15,Audiologist,Jack_Egerton7882@vetan.org,Jack Egerton,Design and technology
16,Executive Director,Daniel_Raven3549@guentu.biz,Daniel Raven,Ecology
17,Retail Trainee,Jane_Gregory1518@deavo.com,Jane Gregory,English IV
18,Cook,Marilyn_West554@iatim.tech,Marilyn West,Design and technology
19,Health Educator,Cecilia_West5417@infotech44.tech,Cecilia West,Mathematics
20,Insurance Broker,Kieth_Whittle2377@yahoo.com,Kieth Whittle,Instrumental Music
21,Lecturer,Adina_Briggs9203@brety.org,Adina Briggs,Accounting
22,Food Technologist,Doug_Yarlett3495@corti.com,Doug Yarlett,Basic Math
23,Healthcare Specialist,Daron_Roscoe9878@extex.org,Daron Roscoe,Science
24,Treasurer,Rosalyn_Shaw9098@sveldo.biz,Rosalyn Shaw,Accounting
25,Service Supervisor,Eve_Tutton6695@womeona.net,Eve Tutton,Mathematics
26,Cook,Phoebe_Allen8887@liret.org,Phoebe Allen,Latin
27,Fabricator,Evie_Harrison4879@dionrab.com,Evie Harrison,Grammar
28,Executive Director,George_Reynolds500@gompie.com,George Reynolds,American Literature
29,Restaurant Manager,Johnny_Jacobs6185@infotech44.tech,Johnny Jacobs,Design and technology
30,Restaurant Manager,Carl_Groves9545@bungar.biz,Carl Groves,Art
31,HR Coordinator,Harry_Steer7559@twipet.com,Harry Steer,LOGIC
32,Banker,Chloe_Woods485@ovock.tech,Chloe Woods,Art
33,Associate Professor,Marla_Gardner9606@eirey.tech,Marla Gardner,American Literature
34,Dentist,Carl_Hale2493@fuliss.net,Carl Hale,Music
35,Ambulatory Nurse,Clint_Summers1366@naiker.biz,Clint Summers,Language Arts
36,Inspector,Chester_Clarke2894@jiman.org,Chester Clarke,American Literature
37,Assistant Buyer,Maribel_Purvis201@ovock.tech,Maribel Purvis,Latin
38,IT Support Staff,Moira_Roberts6804@hourpy.biz,Moira Roberts,Mathematics
39,Physician,Clarissa_Payne2697@gompie.com,Clarissa Payne,Health
40,Business Broker,Jackeline_Tyrrell1728@liret.org,Jackeline Tyrrell,Mathematics
41,Webmaster,Anais_Spencer9703@fuliss.net,Anais Spencer,American Literature
42,Mobile Developer,Tess_Snow617@ubusive.com,Tess Snow,Geography
43,IT Support Staff,Kaylee_Dillon9514@gmail.com,Kaylee Dillon,Art
44,Accountant,Mike_Utterson7058@kideod.biz,Mike Utterson,Speech
45,Executive Director,Evelynn_Broomfield7214@grannar.com,Evelynn Broomfield,Trigonometry
46,Global Logistics Supervisor,Johnny_Hunter8242@liret.org,Johnny Hunter,Physical Education
47,Laboratory Technician,Katelyn_Craig2333@vetan.org,Katelyn Craig,Trigonometry
48,Design Engineer,Alice_Boden8672@joiniaa.com,Alice Boden,Instrumental Music
49,Mobile Developer,Ilona_Wilson5577@corti.com,Ilona Wilson,Grammar
50,Project Manager,Nina_White7782@elnee.tech,Nina White,Art
51,Doctor,Madison_Campbell1340@womeona.net,Madison Campbell,French
52,Webmaster,Norah_Gaynor8379@famism.biz,Norah Gaynor,Latin
53,Retail Trainee,Miriam_Cavanagh1448@typill.biz,Miriam Cavanagh,Language Arts
54,Electrician,Leanne_Pope7472@muall.tech,Leanne Pope,Leadership
55,HR Coordinator,Hayden_Thomas1815@iatim.tech,Hayden Thomas,Design and technology
56,Assistant Buyer,Maddison_Upsdell8775@jiman.org,Maddison Upsdell,Art
57,Operator,Kurt_Clifton4387@qater.org,Kurt Clifton,Ecology
58,Insurance Broker,Jamie_Noon6151@eirey.tech,Jamie Noon,French
59,Cashier,Hayden_Brown8804@kideod.biz,Hayden Brown,Leadership
60,Banker,Payton_Lewin4239@fuliss.net,Payton Lewin,Science
61,Cook,Kendra_Ainsworth5506@bauros.biz,Kendra Ainsworth,German
62,Software Engineer,Angelica_Thorpe8157@vetan.org,Angelica Thorpe,History
63,Baker,Elly_Styles3761@joiniaa.com,Elly Styles,Dramatics
64,Associate Professor,Nate_Vallins8269@guentu.biz,Nate Vallins,Ancient Civilizations
65,Bookkeeper,Gina_Bennett8400@jiman.org,Gina Bennett,English IV
66,Front Desk Coordinator,Chadwick_Mcguire4935@acrit.org,Chadwick Mcguire,Accounting
67,Cashier,Henry_Mcguire8235@qater.org,Henry Mcguire,Economics
68,Web Developer,Barney_Hardwick5834@iatim.tech,Barney Hardwick,Geography
69,Bookkeeper,Alessandra_Maxwell8584@bauros.biz,Alessandra Maxwell,Design and technology
70,Staffing Consultant,Darlene_Williams3502@bulaffy.com,Darlene Williams,Design and technology
71,IT Support Staff,Michelle_Eyres634@zorer.org,Michelle Eyres,Grammar
72,Healthcare Specialist,Jolene_Owen350@bungar.biz,Jolene Owen,English IV
73,CNC Operator,Maggie_Torres6354@jiman.org,Maggie Torres,Design and technology
74,Steward,Penny_Chapman6003@sheye.org,Penny Chapman,Grammar
75,Systems Administrator,Roger_John9562@gompie.com,Roger John,French
76,Lecturer,Javier_Donnelly7590@ubusive.com,Javier Donnelly,Mathematics
77,Design Engineer,Julian_Harper8149@vetan.org,Julian Harper,Music
78,Accountant,Samantha_Sherwood6394@extex.org,Samantha Sherwood,Physical Education
79,Restaurant Manager,Elisabeth_Partridge927@extex.org,Elisabeth Partridge,Geography
80,Operator,Caleb_Allington3786@naiker.biz,Caleb Allington,Resource Program
81,Treasurer,Boris_Rose9402@grannar.com,Boris Rose,Geography
82,Biologist,Norah_Fox1789@irrepsy.com,Norah Fox,Basic Math
83,Baker,Beatrice_Quinn5707@sveldo.biz,Beatrice Quinn,Mathematics
84,Loan Officer,Tyler_Paterson3278@twipet.com,Tyler Paterson,Handwriting
85,Web Developer,Madison_Ellwood8111@irrepsy.com,Madison Ellwood,American Literature
86,CNC Operator,Alexander_Mooney4416@acrit.org,Alexander Mooney,Dramatics
87,Audiologist,Ron_Tutton5269@sheye.org,Ron Tutton,Handwriting
88,Bookkeeper,Lily_Clarke6707@kideod.biz,Lily Clarke,Latin
89,Electrician,Elijah_Irving2592@dionrab.com,Elijah Irving,History
90,Pharmacist,Sarah_Rycroft32@tonsy.org,Sarah Rycroft,Design and technology
91,Loan Officer,Rick_Robertson7778@naiker.biz,Rick Robertson,Spanish
92,Baker,Joseph_Pond5177@extex.org,Joseph Pond,Handwriting
93,CNC Operator,Mary_Briggs99@nanoff.biz,Mary Briggs,Speech
94,Biologist,Roger_Poulton2765@ubusive.com,Roger Poulton,Leadership
95,Accountant,Michael_Blackwall5769@deons.tech,Michael Blackwall,Geography
96,Fabricator,Angel_Hood6711@dionrab.com,Angel Hood,Ancient Civilizations
97,IT Support Staff,Harvey_Wallace704@eirey.tech,Harvey Wallace,Handwriting
98,Machine Operator,Wade_Nielson254@twipet.com,Wade Nielson,Geography
99,Cook,Adalie_Young4472@sheye.org,Adalie Young,Leadership
100,Retail Trainee,Katelyn_Stubbs8989@bungar.biz,Katelyn Stubbs,Earth Science

